soil_quality,rainfall,temperature,crop_yield
5.2472407130841745,155.5398786515859,24.710702307246308,4.380057565805888
8.704285838459498,262.5702842135074,24.445618383295997,6.9309105744827715
7.391963650868431,361.8837507629225,36.31258244937866,6.825345749725813
6.59195090518222,319.66746592286836,24.49183159729111,5.458855415948637
3.9361118426546193,341.96834435843493,24.895095070315357,5.683220864636395
3.9359671220172157,297.6350100132152,33.66916872352335,4.508042054405353
3.3485016730091965,307.68296935535574,28.09531716410972,4.556910244024082
8.197056874649611,354.75869546959575,33.98079002519326,7.119730623172564
6.606690070459253,174.90040265775576,21.176590836158933,3.4818905289739184
7.248435466776273,246.82748909294213,28.776281486120915,6.219190881445802
3.1235069657748147,166.36283254588068,20.605044803299087,1.9712005345850874
8.819459112971966,396.3004023989941,21.12775766219638,7.009174203773794
7.99465584480253,383.217801905984,36.3158741601994,6.23673893233222
4.2740346640696565,111.82804341055177,22.506416680116715,3.26228362164698
4.090949803242603,311.67255175470655,29.58357228095391,4.689211494226582
4.100427059120603,377.5744952246998,27.39972084681272,6.532794421446821
4.825453457757226,154.17260353820006,26.25217987265917,3.5117700200003816
6.148538589793427,270.3835691657888,36.1970002223709,4.104725985521037
5.591670111852695,374.6464892764126,20.392821141958812,5.223319842912026
4.747374841188251,110.18379357573966,31.9482143511606,3.698609731238931
6.671117368334277,309.22608017405196,37.341099815843904,5.415760415354935
3.836963163912251,189.2047022117652,30.083027302313155,3.328082225597161
4.752867891211309,377.3188586129591,36.86280431659566,5.343351213002074
5.19817105976215,391.3174735496103,20.94064182714843,6.057215816175794
5.736419905302215,383.27994673403015,27.538279743334904,7.213536802276131
7.711055768358081,242.26426499723914,24.68284023731692,6.670704172829587
4.198042692950159,358.61279529679405,33.15477736965313,4.989787239583164
6.085406630481669,353.36481956052114,37.66334762895044,4.946992904909983
6.554487413172255,195.7301419729767,24.61754112399646,4.689566658153902
3.278702476319986,348.67464224520324,31.77514282653334,4.878723631250134
6.645269111408631,111.10229041464778,23.565757389675323,3.50835373571302
4.023144742123749,278.88096354461595,30.175944582288977,4.104212090831615
3.390309557911677,169.0026511863109,28.350784760390052,3.5219967555548854
8.69331322352,136.17006573318363,37.49609593336767,4.7344214999698435
8.793792198447356,123.08596048876275,30.9534909085364,5.348805110963459
7.850384088698767,308.8866327634419,26.29111469756274,6.463922174390041
4.827682615040224,201.96248913041984,22.0537241279828,3.7236382545197073
3.586032684038303,317.43003145862843,22.722442917228822,3.9774443761941662
7.105398159072942,119.60690223968271,24.05570473912223,4.7994377814079145
5.640914962437607,194.58710134918311,24.517399904125362,4.935693152485047
3.732229409068673,261.8473877126012,35.31108904114048,2.8303857464272535
5.971061460667621,337.21694945168906,30.102010189085448,5.682743775845951
3.2063311266913104,195.62575087962097,29.421036404738594,2.6690548041229656
8.455922412472692,287.76741293110274,22.065839693645913,6.187207337708516
4.5526798896001015,365.79332447085613,35.48251448028983,5.14430275658445
6.975133706123891,284.7589564546914,33.01065745775271,5.109268061984324
4.8702664565364655,169.88784242609012,21.218030514200027,2.99488479738648
6.120408127066865,107.32023446696141,32.74103175013583,3.157324547148714
6.280261676059678,361.029662170279,29.78368791216763,6.675692333215338
4.109126733153162,106.38082325511614,21.47105622344201,2.500149389990069
8.817507766587351,362.4105018052598,28.249411547515816,7.647048969926065
7.650796940166687,258.6811402081636,28.724533168340848,6.428166991400594
8.636993649385134,381.72030955386884,22.983941722938965,7.360754050231519
8.368964102565894,339.63497073209965,37.02256664600508,6.542747538840409
6.587399872866511,399.38023316000124,35.29955668665191,7.394272644517346
8.531245410138702,205.21354463551305,32.04240207192395,6.58374847012726
3.5309550123115168,330.15648667933806,28.32132009801093,4.385119744684247
4.175897174514871,220.57927408277266,27.411779748521155,4.649785511876864
3.2713637334632284,243.96268609117266,31.717522408717173,4.10925476401742
4.951981984579586,288.251638965511,29.817773649324298,4.602598372636165
5.332063738136892,362.10313425590164,21.12091590587394,6.008543624092286
4.628094190643376,395.22504075978856,29.22504767786597,6.912758694339253
7.972425054911576,330.48202415935543,34.51526511019111,6.078233854908024
5.1405199601615355,225.33003465020013,28.266317796745245,4.338177136401113
4.685607058124285,226.40710068312106,20.935218395976833,4.409227108912788
6.256176498949491,321.27469047666744,34.153007588912594,5.861282050762984
3.845545349848576,171.6331437304907,23.62454807844754,3.4772970576937103
7.813181884524238,133.1422339394184,24.655175027984697,5.073825392655022
3.447303862078625,206.38664729223296,22.964714361781326,3.479337800603847
8.921321619603104,186.1716974962245,25.943871167686957,5.45352883737695
7.633468615779945,188.89243613679702,33.62152710239543,5.6671648123291245
4.192294089205035,170.082325314973,29.34894547107087,4.246870746859048
3.0331327027416144,112.62795689090856,23.687862934712825,2.096936841717161
7.892768570729005,105.36218042002415,35.80094140673673,4.198173473984139
7.241144063085702,396.3167169208095,35.83247338912753,6.034938110560332
7.374043008245923,228.3319401207587,35.67041165082813,5.460427118256653
7.627622080115675,215.2979941479045,24.298331804867708,5.882652882880725
3.444267910404542,303.89418480792096,28.122308195257787,4.7177494752560465
5.150794371265635,165.47616635951925,37.72981381053575,3.819354148109686
3.6952143571507783,384.9883551850676,33.89622457357983,4.940829657578112
8.178620555253561,335.9035043246656,20.48901358206008,6.979549642026245
6.7397887609653475,126.82330069367785,21.173682642688856,3.4456634823422796
4.985388149115895,225.2742327354785,28.35076478262199,4.698583848213414
3.3813501017161416,363.7354922686494,36.36596370550808,4.404256474042339
4.865893930293973,383.4196066874231,29.696632363148858,6.210133756726803
4.951099932160482,240.22045337496093,28.960625144617225,4.596928520951447
7.377637070028385,284.0234167632123,21.898526599219352,5.853169064732417
6.8253448281312785,150.11018382762256,31.822041885037294,4.944593649558888
8.32327645545796,397.350587841093,34.797856890804056,7.236976298440395
5.8332895509716955,169.501510415033,26.84756013513612,3.69312734278045
3.71756547562981,382.8195322405377,33.961013316655894,5.965668680657403
7.2794687233379705,294.8939946977105,37.36057977021461,6.343343370969873
7.564710291701385,282.3210384636577,23.667796264298403,5.5262138093643
6.367663185416977,253.8065533049526,29.419933361505343,5.924757692230077
7.6258030797273655,169.2009435153276,25.16848324552236,4.970271914293523
5.9627735781863445,152.95840960165248,34.27137954260911,4.015576538514316
6.136396976291964,166.1458627210526,30.396680585860835,4.637101121277171
5.565246110151298,155.93147864327636,31.42248351590547,3.882485589759705
3.1525147604645714,333.875342070026,34.362454873086094,3.8868824808307383
3.6473485619598267,205.037577750019,27.12746850792419,3.441526383114393
3.1885751141204057,117.35280296901891,36.47162123132678,1.462557505877093
6.818462467582682,390.7307890422434,29.594519610430517,6.7411760590555
4.88613588645796,365.13576548902773,22.843186811036265,5.545155134198207
6.051424146988216,378.3256849585639,32.52618412703845,5.998470515820527
8.445398843556557,398.47234679393057,34.27870430788858,7.920578491785036
4.495753374893249,152.1685747658462,25.70171018721548,4.283356531494598
5.462297538213779,218.8726056707976,35.429226625977556,3.8869255425320883
7.533306831258292,327.47154271122736,36.310578585783794,6.330013234430729
4.372788992949735,308.8061854161377,24.98428077280056,5.222726983067767
3.461879458972758,146.16877190195652,37.703386508874,2.4582899330781816
4.738508717482608,344.74993749718533,22.532807504877653,5.308012118158967
3.9673277235240265,167.3321715509982,23.636282031244818,3.591954989576338
8.578185914055439,167.14528444678692,23.316047106284472,5.733274988464364
7.848722277386502,261.0923268680241,36.09181478014167,5.107271718195676
6.800422539062541,277.88198045251096,31.777265941849315,6.235882512066085
8.228763541126305,274.02586235134333,22.73787709800091,6.772073522510048
7.822032461394687,127.44605121932646,27.92582153063028,4.796415843864345
4.119420353316215,363.2382587891141,31.075364451256437,5.403525237147407
8.355353990939866,179.68001277661182,21.5023535298089,5.666376972622476
6.2360534514939046,138.85447638484123,35.8834946313321,3.613565116672474
7.844640930984375,366.62442396069315,34.46486363794763,7.478567365187362
8.376547799540958,386.69544946892603,29.093721924379487,9.127792449331471
4.908020849831184,358.6382851796352,37.40827907466507,4.706572352927946
3.6603115471660606,342.8548224174634,27.519697626951796,4.520151458875957
4.36761097525165,296.5725941917065,37.71398574265696,4.330042153079631
5.562646731757538,265.2572111827418,32.02255997846529,5.39242073242273
7.9080885955349585,126.09602797342305,31.424082918570946,4.757163098722231
8.164383499538062,222.5359639212096,22.98718811532413,6.5329005321740565
3.041712783187144,211.8065551036942,35.87469964948359,2.182149077820531
6.064483815465394,177.92613512809788,27.694814382571074,5.127444008786589
5.504466018892674,317.0260341065755,22.920201304084628,5.111583070541108
4.332646862824381,248.76272052363123,20.22693535956366,4.7363331257085175
3.7191922040020966,124.31386477229438,30.075602305490886,3.891432195758963
5.025691028421768,166.0549605849434,29.493193198208175,3.6407475063478274
8.657458223475114,304.9776290978788,32.94836520264485,6.608890314497569
4.939217592124532,122.83925784709005,36.024644954320436,3.3253308225910243
6.112743730460196,355.36207421463064,21.42931852357453,5.759359134839102
7.2181137533710675,248.54395810419228,33.16693682612652,5.555097166148685
5.181777614275764,244.1759731979944,23.37341499375648,4.582684248764679
8.830692496325764,277.7223353978553,35.44718695682895,5.488014328359712
8.774683769652668,347.40428977754476,34.743143249509814,7.180151584603681
4.510693774952185,204.3427623706579,29.7342875897398,3.780481865176604
5.983491035354312,303.40484576771905,32.78437037521961,5.300795526632499
4.805269858900618,269.7195891987373,25.65830203730747,5.587477026902836
4.709042966264805,180.1084810508264,28.481022180790664,3.4792506284219726
3.2213216841271968,363.5889959065474,34.78946415878849,4.974206978624212
6.657386003879381,339.22780648207845,28.26677354911785,6.554812246682786
6.016074139373169,297.5355503975277,26.44036877585795,5.68754936699974
3.3088725074999363,355.1745187282726,28.895824050505396,5.51178498400801
4.671878785419668,360.1882602879407,34.90848654386993,5.416998988486694
8.449595315799922,312.5088930145105,26.03374485267571,7.438567571922402
4.437371344001835,351.10399850910164,23.12770867644339,5.726588855002704
3.8693692325473386,309.2414385007851,32.81625236595406,4.379819573094453
5.936716561665378,304.04223152809016,34.86760782874547,5.015901445985168
8.913902724663604,285.5834134645553,21.8114746134236,6.151357695040816
4.452331629069002,325.8149918672924,24.317734029607003,4.703383871178648
7.032813284435271,147.58153158792211,22.55549581569789,5.922318752321009
7.569717691972306,364.26122775967855,26.262945408479,7.876105454799231
4.425825263954398,361.5530583235696,28.10631762029743,5.142274270079142
7.3692980916711575,108.77418491036775,33.47887406533952,3.56327451003352
5.20669879631552,347.7450251694288,31.720656527870133,5.949667027924281
6.793834983561477,138.66096024203355,31.176714214611764,4.739488071428881
6.801178264565368,200.5356562777426,26.34274903897378,5.51466251661617
6.214648104448551,323.0524768874823,35.14605595552568,5.495765328769682
3.54173862032645,148.22796881449247,28.483169013166965,3.1421049669900025
8.011814973535428,345.3901072357187,37.62388888427278,6.661359432777301
4.9246803898304155,349.64025338732256,31.414558489323262,5.6602333830027725
4.119111062399125,252.24032012825086,22.272765348161048,2.8995850809244095
3.2446508493285835,101.91576151505008,32.17119611735781,2.109463612791415
6.545357659129451,186.11143995247383,25.851872277770582,4.493277239736365
7.065386171053694,285.07807551272265,32.353889540349755,6.035690596073354
3.099526973567137,394.35585340822706,21.253540666923303,6.3113055888598755
6.072558349795686,289.54405810500054,23.14786586916727,5.630247175601728
4.358974651187628,177.94107431924795,35.40327066030415,3.0618061596696795
6.871036742456699,290.2017109298834,24.089232026423268,6.407359434158137
4.046198574029948,261.99561391475663,35.06674025437292,4.177725344329855
7.145626428614795,333.9536185453431,25.026969592179388,6.825093604204688
5.3204120778032244,132.09419164808753,31.571874381056737,3.9273858138846496
8.620379932420407,328.3083707506084,32.49471032317696,8.172074423813363
3.8251256648759595,262.37997360283305,29.227785556610954,3.848139795142258
5.046398106301551,388.8976011576984,25.495592180541163,6.398550321187603
3.6808411274435344,202.56164981160583,23.82759877467973,2.9856063743150294
8.548161709671376,289.78656794018445,20.59740838212367,6.709443695621023
8.264036120285887,379.60843165300525,25.47103522233303,7.215862643163252
4.547649766290934,130.75291839720379,31.756930229563096,2.9969776373586527
6.959904276205075,381.1685461709353,36.88948673207268,6.255143969485669
7.903333201207295,306.36571669024397,35.681680680734935,6.735064059104948
6.331204869596774,120.35111773155157,33.78916597763545,4.249424236321564
6.177903470136039,190.28907008404488,34.19205217855938,3.7497785298293387
4.45111374540271,312.4516265935845,31.969728262567912,4.980567367880333
3.558616606835395,120.20518044063151,24.685163436188056,2.295086524068232
8.38329454771996,274.65113805288195,36.32951055270494,5.475955143780638
8.402508342979983,203.76491708588702,32.073181614305014,5.723076655706175
6.798608743639607,286.27465533024315,30.087931357647918,5.899016395129534
5.034178746292204,113.72261014375385,21.99781044584266,4.267454762340668
5.095257447675966,361.4610418457129,28.046999788515656,6.374019076123894
7.355734073221436,392.0466907532191,28.286448881634673,6.880880305602323
8.382661559715462,390.66335658570745,35.56214497140806,7.059362846488528
8.322518545590704,324.89554952287745,29.839667963380194,7.736939619400806
7.679253275145744,139.0258720391896,26.84720988146737,6.158827732546468
6.852189876925727,327.4789587787068,37.58240591319186,4.949652278811765
3.504839789970293,107.37607493764045,21.992970679873682,1.2855155197793966
3.9697722845676826,106.63706545869917,27.605871709615002,3.947326555518224
8.391325131162475,197.08306574486238,20.756444153085294,5.636944727023843
6.638574357957539,246.59295712139973,33.318274173804745,4.819242966874109
3.055182309699778,331.12222534233797,36.525377939584715,4.253590157376016
3.6088292571961924,304.9886129819515,25.04067193190881,3.240494082100054
6.981010614648335,233.7708119130245,35.45015018238418,5.084886161514576
3.030369503077312,182.08799988449977,25.25992814831416,3.225968151636612
3.964848308504992,399.13735004731336,36.393862909590474,5.596546433535497
6.2924027361995165,227.85439067079187,33.571314264742114,4.360665872187196
7.15137118615616,235.41610729890263,34.488321983145894,5.323858048454197
6.911767557015603,149.08714635750076,20.32411800080818,3.716454729133833
4.3456158567633585,338.4428646249788,37.33058642733246,4.75186980973538
7.273075328085215,308.1046677344466,33.08007785726582,5.76190339447898
4.4234945249808,166.23088383662812,25.4855197169504,3.418557652971611
4.952398188955606,124.71431368475281,34.92910396745924,2.5325241371842924
7.478948430708145,304.1497906224139,25.06738157146874,6.813278399636913
6.8977973942832875,296.35336428434056,35.7095691121903,6.070700987094352
8.095340462965067,181.9778580994628,22.026447027414868,5.152783230239941
6.94567735380206,385.2590686751231,32.66634759429432,6.8779136017028435
6.40985162001283,145.31736753427006,29.732572579608387,3.7605465200715047
3.562048606968555,229.7004403127806,21.737620463517935,3.3019524289604836
5.206294818356601,383.0847760502797,24.3540889086591,6.044301752026135
4.591214206090353,225.91819507783669,20.223272652991668,5.087512864637698
4.463937860274502,291.55778429922566,28.437823378361106,4.547780922406315
8.838063328514673,219.27831938883827,25.422774693680005,7.086180946889938
5.358586348000562,182.26456070460102,30.77043471735966,4.72332469604323
8.352279331062679,395.19329438794847,25.350280538755108,8.003418865531403
6.786831755983577,222.8002018945129,25.398544007125725,6.240582539747058
7.7688678212498905,368.2297611037403,33.37747757716886,7.215036500248893
6.015822558631153,168.98638176732584,20.86657104761036,4.179011799583836
6.461423307758155,163.931411207525,36.25210991345577,4.018254448099978
5.955106162913183,109.3402248653534,35.340749739041264,3.948664797415313
4.171457926788267,295.5000476127655,32.02048429807532,5.186915626619699
7.334712691569032,210.55790311712835,30.677988261932917,5.192297907014401
4.684634174645135,359.3074749518911,36.06144496651374,4.469623742890721
3.145895798588723,241.96297200746716,23.33594323151686,3.4246816238228908
6.872833775443007,390.45802837441653,21.421444919434915,6.283122381210337
4.062664076442294,155.65765471093636,24.311183058371686,3.187264603860002
8.642751506117486,360.5869503866832,34.30240901660343,7.915723422607302
8.723571462015524,332.97905583752254,20.6240648010767,6.725331941947263
8.489186341322691,331.27655339321564,30.490523031502814,7.286894710787434
5.220952201532667,353.4349684350663,37.91787529144358,5.182049623376836
3.0927396991732046,328.30719728289966,35.402529689075706,4.5134042946106705
8.569911375526353,287.86609648942465,29.38602240278461,5.901569745386659
5.569104889903886,139.37346330471627,21.14553636715956,3.1894905673324137
8.799928914262019,109.75785384737557,34.964723258942776,4.906712515850224
8.781719862535518,376.25435434470603,30.781613147189788,8.475281638209271
8.11805673280416,284.99509435622144,22.0687939470722,6.0699074809184115
4.766693352417514,338.96118729285286,21.689431126820413,4.20362530879839
5.310586371611551,244.456705453765,36.37328274985866,4.572387688340627
8.106820029101142,135.19245668871835,32.04560473288541,4.683092913736399
4.901532030937666,137.55573766076515,34.9271623877016,2.5387738237611437
4.016956480116555,305.6695861686914,35.82162020508081,3.9708393863804985
6.340807574750101,229.0917684698388,30.2919023368698,5.139868559558534
8.616928644964686,160.15741801010103,29.314034331590744,5.476262737155172
7.176178780049838,247.47836402243107,27.747693385777822,4.934859340277478
6.42036702053619,119.26268112254023,25.70503858024015,4.621847277961079
3.5830589626246114,274.5914205743196,27.82272729545681,5.157153937240544
6.690043360195018,180.6980213305293,33.92983380314281,4.884779508758273
8.94032310062558,339.2677301911565,30.83462175827237,7.010533841184709
3.8405040914191444,193.10858767707214,36.065419219187234,2.9440502335878116
6.10997791418242,236.56604472454035,27.98084025882538,5.4154727726044225
8.264238431567733,103.4861619724302,30.92761241693757,5.173616788595366
7.444611706525227,121.73406633836767,31.3635359556558,4.93746316543975
7.182094445971607,217.74806692200545,30.65054892151386,5.1363861006652245
7.214904503922655,243.98165041513704,32.64740791553929,5.623525742765549
5.156946907318531,280.0061644357911,24.273802430746514,5.234555543399448
4.761551065586961,187.49877361279096,29.222547995824232,4.86141963041235
7.856166932871082,308.4945658379628,21.87604645055026,6.752887039782557
7.8606803680750845,358.03671915676136,26.921203897606624,7.7973561090535775
8.202433911480622,333.95529666800496,28.77800723518276,7.404882512866764
8.479443315338827,111.88564760450714,31.740036671818505,5.689804039134386
6.068054393165626,244.15208417734868,37.10955894655166,4.769473541680883
6.009097768123198,131.47905352545246,30.811719197870406,3.6076235444422973
7.789771073800651,172.61350475875824,33.38469049117808,5.784236520432696
6.899783584666591,395.9987779801439,29.11278907091365,7.647552301312883
7.21180126354622,142.74866287045398,31.413872564773964,4.4704779934360115
7.774756016616607,249.6664460354068,21.276779890407923,5.471973974003542
8.340032050905398,285.44672029543574,24.579048455153245,6.830675846492762
5.027970941109215,310.73949116323115,26.513355677692495,5.7043083475899605
5.253497715839664,267.8946050460742,28.504880390117243,5.3538530021844535
3.563891639045214,102.9312542257551,20.821677419042906,2.2490804404058915
6.469680845977043,197.93839247319755,22.52043375595972,5.516246410604659
3.2156536427804525,255.31349301541343,24.982657540243505,4.394999081686154
5.793588108794761,126.35994974345,37.487588436218914,3.3069525038425014
6.25586780824546,205.18807936275422,25.964246127854913,5.446894600919506
4.719247512769707,109.96093263740997,28.676739046017488,2.875297226393435
6.5449995634140645,123.57354914650622,23.529758829291072,4.260174681074607
3.1830014996342966,219.07698286047884,30.994041279363827,4.387519625352109
3.2240891324952865,139.81472621291812,25.052297879287536,2.6063986686093914
7.9356033639579495,270.2622544784674,23.725866411891683,5.819193903643274
5.161143848467577,306.8394907411797,29.298307312027625,5.193091656146293
3.762363075911309,340.1760097327249,20.099104384887575,3.948035555100466
6.133459560328826,160.04507327344302,20.137952587686055,3.4885948176035972
7.619961318591665,150.24477467772093,23.94323856383344,4.721498213161371
4.294926164981059,131.37035210032008,20.66098452501478,2.0244815464058874
6.737342854914002,290.92907486309105,21.944463574352444,5.680217700497957
3.512084789962608,311.9427179460704,26.09949168809753,5.136557330145084
3.310090327011646,109.47584344769261,34.44654223243663,1.6512712846656261
6.188127789408888,380.86367387310696,30.296875580647416,7.432655037191656
6.243810729660639,115.59138509544172,29.228019067215495,4.410413353326985
6.824579408989239,262.3889005903211,25.28279881774619,6.279748884984478
7.35654800233597,312.71815583527496,36.771566949790696,5.599381587615596
8.855112476775208,361.2907371238257,27.14627074226945,8.382353297386112
6.097802089807172,314.22607963972837,21.567669802323888,5.001961871335602
4.937738837647476,340.51842492093755,31.107197290120425,6.008457689439325
7.771117168612222,201.8350577628418,22.049091082578826,5.394737940089177
4.624993507572445,344.4475341239537,26.21401657043046,5.854999362061196
5.633828524233817,124.03445391540254,29.13341489692056,3.3561200087664513
3.470738288053596,368.4449968181583,35.736005444333166,4.198683646636763
3.152104460492745,264.27771284612083,28.883838446122134,4.429059623222059
8.77589048806755,345.1893309887481,32.64065778856995,6.90159877295216
8.015880723073234,235.69548535549004,37.87070310198327,5.6094280509427525
7.175845236562187,293.0733085589575,22.366804158163667,5.271767216456913
5.45371766648562,257.920798280834,24.945167459351353,5.424670668319619
4.039765920425075,319.4768565265996,27.102369360757635,4.508626804170043
3.938622256026516,124.48899460917687,27.592907213698965,3.449641764314685
4.501457388987572,118.10562519716913,27.398379354779824,3.6844383487664603
6.295359988236723,174.13097020304394,36.33699804601799,3.706903982332215
7.287575536200374,147.8634040339565,32.85258760040342,4.928176331941773
6.961184260306387,361.5350699776605,30.94229385363267,6.931934576233309
4.679603381675657,165.7641962074133,25.568708921530078,3.4848936169686
8.729191683979165,392.75957674573937,34.82822691598331,7.105091575810543
7.4273815001746115,201.06873753133203,37.1910892067298,3.823956358891357
6.326124315068404,154.63537470660978,34.78156908590408,4.206084019659739
6.670324477406114,336.90955214274373,20.028171893446512,5.124673563794118
5.517600374566739,297.61233265026283,31.455224663301326,5.43707314717652
4.486385937006945,249.45871493594169,20.920436865957814,3.898099696417547
5.135836071907569,266.60906528128936,24.636929966006996,5.2372730730864765
7.547076662786215,315.76053348167915,21.07144460625989,6.087265377090955
3.086360931778535,168.5364223993896,30.86831815308898,2.77698898140072
3.696435843041497,398.90017481702256,32.35861844286692,5.76729317754843
3.2760158521305165,392.4379486440349,22.060777485186293,5.135994175566296
3.244372813913821,295.09770590408107,26.90909989480963,4.622151434070073
8.132763504066043,159.86273527874354,28.21225716119976,5.878417183604744
7.221947156280142,304.0684727293874,26.6429543916965,5.748167683000043
5.845042974523951,121.65952269375275,22.178450008733474,3.935356055066341
3.5870049639060086,109.19575066174181,27.541060223374558,3.1458004079146793
5.949695250700994,177.3048665533641,33.52120486055153,3.6874342405407363
5.840830624683394,238.78688702179488,21.2781379615986,4.5140577418824055
4.039211219460091,360.48175162251414,21.44324025347426,4.949093507488797
5.603109895427838,318.1507209298924,26.385883253047716,5.754402090116748
5.39102840638424,322.8119563599943,36.95106280914065,5.195457469162265
6.695100588313299,227.6480003344226,32.034307641012454,5.936282924315221
6.810561905205863,203.78049776408886,32.21605922010617,5.562363372069617
3.271824058632267,211.3116288953808,26.51455983508157,2.944374705062396
5.247675687758827,396.29486912081734,30.685894241753694,6.629232106065242
6.755159494285419,112.03275742374474,20.18236131249938,4.380610112397799
6.018817551480526,360.10944883673454,31.449728835371758,6.458934640915033
8.138939047129934,273.60262257171803,36.43916505637226,6.507069456237905
6.95216178971367,231.58462575687713,31.026322430206747,6.495430132255313
3.977606562488578,317.57729812454096,35.726574682394215,4.903773567303768
3.4234124844025793,246.00068242741085,33.03151499838969,3.7932158644572938
6.854515669237894,362.0269714244982,22.170051495266424,6.987076935432948
3.1590678632497307,370.21055920337756,36.24415953114515,4.5296674870925715
6.51465348764078,226.51627806203663,21.195989198403947,4.854039965923628
8.641381448549746,183.04833917051548,29.61141450585975,5.8143255475371864
6.452845067255273,277.7050985780087,22.558468228282237,6.241027021652001
5.329019557239132,373.7090036850073,20.210718993156274,5.213457381814266
6.859729310654119,163.19865670169997,27.5966166822975,5.787696752912868
5.749517342949099,286.8899750690448,25.310732737774813,5.724663757812665
6.273700735895609,289.46806602775615,28.748008888356853,5.25707705198871
8.648788852659152,319.9339067245843,30.389597961221916,7.468598343948938
5.316615826804646,139.47030553817794,20.787303301561053,2.281728045114396
8.767143382943486,314.74748940462655,22.21405931222742,7.265206525156268
8.432103851736382,372.7097561996923,30.055563136107658,8.180208915748844
4.174746808735779,153.9049326610726,26.17701235710785,3.147945988863373
3.4161678052509927,171.2629974771633,33.12512277589006,2.9699754477859144
3.60466800826456,391.4185282124919,31.741249674654913,6.319473035666851
3.109330953909298,154.29308581284693,35.22087853381832,2.1226351295703174
3.56665776453557,356.3155280108737,32.46487088004606,4.370543280843616
7.098040640498141,247.68335693441043,27.73875939302267,6.740561530126741
3.427131890761374,174.1693223209531,32.11339920309978,4.025212843545637
4.913853781762568,361.2249703817534,24.95686113659753,5.766710544282494
8.069251865816728,233.59157650079965,25.51364297800783,6.6276375134213215
3.139631614414955,254.44520617890706,34.201732878574276,4.164832538904561
7.886810895533615,207.77001081992972,28.03555129522848,5.6463083101740645
4.691128648640399,277.8852554304782,34.370846129330346,4.244679348008013
3.7089889657299375,149.0571617755068,34.80360272602901,3.2801430845945028
7.180422992184904,217.32446099552823,35.43612207790311,5.862351037611678
6.773657080679304,390.82369670058625,36.49943424514173,6.726562512918519
8.264832081162318,177.44002981033827,27.757733969239332,5.442682558857448
7.410426262823314,297.02099936238767,25.7396027297805,7.442913953863305
7.820885582309091,197.55701926740846,30.47957743869405,5.372569791053243
4.692207435427839,332.0419377059802,26.6811036218773,5.367064566375726
4.064637262678337,139.26209821550495,30.819335002404195,3.3141750304986095
7.50368850984515,390.9463135235634,32.700545527588844,7.968333047756712
7.841008435603584,236.13686241509177,32.39129033285846,6.269731796942976
8.94303085200404,170.81513900393918,26.741951966362183,6.2612947628585855
5.475706061468559,122.0490241990038,23.003483630577552,3.690335900841126
5.232108514756699,150.92737152626222,27.749528092319736,4.122038116194679
7.658477764451981,255.9321845668053,22.566694593474356,6.1242999445007325
5.0448212415181075,201.10095292938587,36.02174663330855,2.4664654478749055
8.584543953621388,348.66500976478284,26.22579429328143,7.453197774251766
8.15047651105807,229.2662570985418,22.78027545001983,5.966589338974827
5.5739641642501105,174.61428177628898,20.458059678303517,3.203423825908543
7.505226406748984,285.143495981209,31.624802953156717,6.43472952677669
7.527257244508094,312.03316506563374,31.464241714185377,6.435300490998785
3.6187432130155957,150.11257237028497,26.13087499846325,4.001322679214717
8.4153174400774,150.28576488649531,21.29081399925772,5.826107631436853
6.031514234687143,111.0014280800629,27.37332010811418,3.830200624396537
7.9587447966464495,320.9206045196921,25.601914911141083,6.873351078850908
4.92029760618367,299.1413582865415,32.18817151523017,4.995771451630037
8.373139370977203,242.38926272494416,30.904026490148425,6.09422992564339
5.335210072404979,353.25113469075916,26.562687107555718,6.153897585879716
3.06502590888179,341.70104588501596,23.92206597658982,4.162588976506242
8.432291858515581,275.6063093190256,37.78464739080066,5.428436615899217
3.5477200607168013,360.4813841539776,28.172029181530068,5.672826565695304
4.915881825542489,161.75236301103047,32.38893624404427,3.9513357105880287
8.70037180230483,133.57588581931836,22.529953416410493,4.736782221156651
8.703642881625337,180.9248834550969,28.74061459386916,6.5346865313580205
6.440627328739716,117.12605682679445,20.49566095765038,3.3253514638201747
6.791023273018796,259.35085840030956,29.0981921223881,6.005783627292675
5.690673131869919,380.9817076884884,37.35231332811864,6.130094316314207
4.759264630188387,111.80306220055289,26.915720833744402,3.372428738122306
4.971987272219495,136.63297420300805,20.701928226348407,3.349886656845236
7.03511073646223,235.6597084850306,20.557204236548184,4.871658054792454
7.51424717662608,380.1625052583715,26.983761679043653,7.358891517087071
7.749474262355092,194.84683149302515,22.880448856337495,5.2083206163013775
7.737708856767323,252.17044260651772,20.420337733907346,5.259303454569454
3.547236618292142,112.47185771511764,33.61184505110318,2.2487652996290386
5.966521828215489,144.50296028862667,28.253414159874033,3.6286399515747347
3.3453525600998657,395.9890368876541,25.206405895507782,5.1076303649062
6.297173293942413,389.5356089308137,36.20149729429666,6.081355260164843
5.6491830082402625,101.48199428032288,22.090501283609463,3.120371699036616
8.326225096549798,385.5435356269717,37.206538921195744,6.977145289489651
5.105490075312472,291.7359813446501,25.65140091279235,5.204362842451909
3.702402098565635,360.37548835600666,35.99126610155626,4.895550081730289
3.857950092317015,236.42195669015774,30.85297177663031,4.445155972463316
7.569063790304833,254.6788085737751,34.880732475346775,5.318364119931357
6.709308379897566,246.65397407707604,37.71223693778836,4.248369809246134
3.6067360567367412,300.0592772638313,25.191297880737423,4.002068382958874
3.5046408366899846,141.89537642689388,37.30043873733668,1.9976288482827997
7.20581478875472,108.99207696180339,27.010674108243567,4.417934915911496
3.436578038185161,192.37898247735728,26.9392142852646,3.1510022392938852
7.931160355742137,311.40422882099404,26.1269678765811,6.244260921614172
7.237453362938977,160.5560356368845,29.745336932256535,4.821692930875586
3.4880926838513986,302.0297299974752,22.774610777212768,4.332518029678713
3.5090262845111515,390.9736138321811,29.9668067364442,5.765083339850749
8.919837471007053,128.17021473682553,29.750686623380073,5.287840693979614
5.245624774536722,301.7806354675379,33.714232626887664,4.862696568183257
5.223852882401346,233.12506579137136,35.00569931487654,3.7792580132030773
7.876797403545016,360.4426763132516,27.927944305623633,7.519900310279999
8.683491464303152,153.14493683421577,25.441998488326888,5.193180632231016
8.916006382937226,307.78778566784933,24.668028151707702,7.489247769938477
7.52026911155365,351.4345868944331,23.503229060687694,5.9318700848228705
5.257557513185494,383.38426584220696,21.03765647958245,5.5865722267468305
3.5010043001920126,304.9744084868937,26.16406361902484,4.7672062664632975
7.662881495564621,249.1524292025282,24.8644584583541,6.1013281438042535
6.350425498414831,285.35417206036414,37.39551294559533,6.435720007241772
5.5453320554818575,360.67149534361545,30.038758872500793,6.350405106210958
8.438126310568416,271.18292399164886,26.250986702549135,6.253963767034605
3.6671848938369083,109.11611790905106,30.448416817886528,2.632179820675775
5.955750625745155,379.2846086520933,22.50554062422252,5.333152295082536
3.068121868604514,306.8580253094683,27.992787485639653,4.561620061312525
5.811963851964758,302.95401573317395,31.27221778557915,5.191772276255825
3.337819654091024,164.70254571931514,28.800160972264123,3.693614324792332
3.7129074976084313,297.6656410697972,27.232018411777837,4.481541863382204
3.7051574806626295,218.15932169624756,37.88927100019457,2.9868618993767093
6.895261812696381,295.3698931124476,35.845665718680685,5.2989843449023954
7.476269275592539,131.97790909239723,31.22130724686992,5.605208679959916
6.500212590582958,297.3535913809108,30.248792501281088,5.8381415759135225
8.77303529084725,399.8241177312,31.171888636842514,8.983848480790975
5.249223477142224,114.46361165816681,23.623617940803797,3.738685530292293
4.714272517691164,393.1522552663952,27.112479378757733,6.440940113052999
8.211594769136761,222.07238821686119,20.710271592036186,5.781914999599371
4.341575031116716,361.22603510117773,28.55982867476288,5.923963648201973
8.779335236643668,334.715645217482,29.774442511237936,6.5955435297000555
3.072926848138898,270.1048782960004,24.099495249857775,3.7080200349398518
8.819272960245835,321.53476277539795,37.35251924897925,7.112311168571132
3.2589594717034567,363.55466839040434,36.370182996870355,4.403559528331684
8.346858682188426,221.2420964953099,32.998578238206306,5.183397558824893
6.166206654517799,198.1099484689716,29.600959317776528,4.8779046548822285
8.957788776715802,300.27801566907544,35.65944487365833,7.567782815810568
3.442779388412393,342.35378258237756,22.35174218882233,5.203547596679565
6.323125706407925,328.68554043298474,34.22917629694793,5.794498623156001
8.815815213714593,339.34409465759035,22.24677465140327,7.701750657102571
6.138587065020893,230.6749944438799,34.2957919258893,4.56321077417629
6.776391828811575,345.3502648525065,24.963816228524426,5.686144392369936
7.1744921339077035,136.06271661118254,35.7876304583274,3.70687719316816
5.727246388606639,263.34672938825486,36.99275768885716,5.379259103554252
6.765348480504381,101.72759814943647,22.67832744929208,3.730786425761111
6.505885871538601,197.37574897008108,28.328160891177085,5.072192346664894
8.406948062945933,209.93846046141937,37.657772806928335,5.187162257256887
3.272678282048747,218.85180748277662,28.70133384751664,4.706792125886979
4.685779137553382,308.6401620069587,35.54385540526181,5.487885106001128
8.702468904459352,216.56743038110372,30.59716739836376,7.3665821329284045
8.341582703345498,234.6080867867592,26.755938342552835,6.312943448595599
5.733940516714277,171.26323926229824,25.144103999465663,4.441825295300235
6.720795586809221,211.97553748880202,23.65801563954957,4.287633457537193
4.664287097886796,168.18088817894545,33.71236744479855,4.181182899312135
4.128726958342568,121.9587771305331,26.957729122814502,2.595834387124098
5.782190429639893,281.03457801441334,29.202958319613522,5.689532944884044
5.120113368156317,300.4638395665049,28.861858640021275,4.929857951924658
6.501936671105232,285.84710380288436,30.391022526196362,5.5759037075924756
3.4664078217899092,239.0482131401717,35.58038862124194,2.947015964647628
8.846368845996999,213.93573405376895,37.653308184501725,5.293273314748107
8.917264466877617,359.00009487154756,27.336515754328705,7.712723406012665
7.18897028411847,255.72453554086542,34.89534059791345,5.188062040214006
6.216578198064722,243.7545632889193,33.76150030378491,5.386351657433217
4.857165697717966,107.69261974193071,30.32352112620032,2.7207255371269983
7.882770118241692,202.37434828784689,37.20884858501479,5.154514397004769
7.108387035323275,214.05868563575712,23.60854127951125,5.864614078123114
3.975701636069348,219.64683426907015,21.966755785573184,3.324396557025996
8.465563106963055,274.05171076819965,35.3713154051976,5.877207675269963
7.9352234575390135,260.0807640180635,27.90469669940747,6.443626726300764
8.698799479751544,282.3715278380334,35.24543937572709,7.038433684863752
7.35431705033016,329.46497846263844,36.07562369351747,6.261299755916396
6.680491175614739,343.89572161482806,21.124236685143288,5.82601932516618
5.509458217743713,315.4369228679483,35.90236573374909,5.36080008977045
8.596370900124079,386.6571087864804,28.0697429966496,7.606636163343671
8.19638333700245,105.46977480290849,29.18778480207618,5.374790691544165
3.2713120206371364,158.73339570506383,31.278665199677782,3.0994271012523122
3.158201846983512,102.26886249344264,36.674886921141564,1.580396620742584
5.258780201268298,294.2424142463809,20.344089699735754,4.386930313847918
7.863319984690998,369.4091646849961,28.583182429720708,7.124092935081661
8.923656775889667,173.0446889728898,32.378996763750095,6.021784269471677
3.902501346621169,378.110363438892,33.00872523856811,5.845972035087224
6.564784292112811,118.08021708686826,32.465583767667944,3.6979820666438967
5.285345139786129,380.3308080416543,22.419832329346193,6.117157235019969
8.819486386887618,205.48680617189032,25.38912059069026,5.160009804930704
8.052713538814253,130.42624853476497,26.456879457506243,4.8839983351768
8.029972228266827,245.7615277558977,34.47986973823109,5.809084951433831
5.812158958769822,177.0329703161524,25.017677703461956,3.9233352444017138
5.488917014025991,185.46187058857686,23.792689349609656,3.710092960464931
4.640442431584237,192.18698947788596,37.23406434268573,2.9847948980679626
3.3382529799055627,340.907769349799,20.15953913204244,4.440254460818203
8.188334257530318,261.74838300257636,37.96077540227561,5.621908909360174
7.877406054780465,193.3923097468011,32.18278337943312,4.3352321702524454
8.998306039716784,283.1001349932755,34.91244739008411,5.578559554465203
8.979821022443431,314.84520226695804,25.303149134231475,7.0652448583858565
6.332590233615765,181.78720022006013,20.25767499800708,4.438777911835968
7.613924491083063,224.06473045760544,33.281651334107536,4.145691995344214
8.668594379294568,136.56582800108427,35.014602746012166,4.748630106981095
8.097884344064468,154.3448048604041,33.328570375163345,4.79640925486123
4.484088610459186,304.33535618949486,22.571305171415094,5.4366972733702745
5.703264811860561,154.4315043086881,33.561702600625445,3.647266283098184
3.77495649090897,257.549015100118,33.84061007793754,4.0704018810323745
8.724306163552335,312.7138785167298,31.85372928206099,7.174547508781098
6.63704780670528,132.06307692842316,33.79008679032055,2.9948627537012165
4.371856833020776,270.19366588867103,35.22658591419918,4.549310092293049
7.03020410643514,176.96883511040915,31.044874056274253,5.088001251422381
6.708769442747375,388.8780625712739,21.594884851454225,6.856788152069144
5.148976308197043,245.0636940159774,28.777300574009796,6.91051389007548
3.681345553197774,341.79776493254747,21.39768802408889,3.5563627585839566
7.029439173556797,265.0679626468785,27.335774558583754,6.961324993986114
6.121846205422759,113.02375985644575,27.3279168042613,3.980228622001789
7.633910350413836,289.9454126782067,21.18817719452435,6.178891473642925
6.12098100667196,385.4210026619971,26.278769611450628,6.7198213684503925
8.113089001911241,280.48354604389937,21.997965778243668,6.049058372519959
6.311441032646913,345.7566578280371,34.548233780166,5.673547252467848
6.365627829212317,365.26193900452233,37.05838446736047,6.09434922570184
8.25992161595007,168.42393158467974,21.301696554642895,4.385782930950283
5.420897197274382,163.613451972468,37.19207373125063,3.80266532899769
3.804091370703844,283.29429665529756,29.406378788061414,4.386253570656129
3.172696057880034,223.3085409420114,25.39218220316973,2.9936169891569255
7.530823534041714,351.9583908600161,21.383517354970945,6.398340982120206
6.7218573081207875,370.0069370194033,29.01123682526752,7.588448950158962
7.224478608595342,206.02641379081544,34.30127980083348,4.774707918614365
4.277784969053465,171.0611676923446,32.72755659080057,3.5559753114749317
3.8182288535206186,334.15765457315854,20.90406820635153,4.175619655269311
3.0872679940072913,182.44181066444082,21.312233036622263,3.0782363322720903
5.103525352839582,346.78429555410355,27.251719087387468,6.287531410094676
6.539506121127799,227.12147609462886,25.31522889286298,6.196795127444692
5.353464270598394,300.26496978744115,24.18291781500886,5.209891641924887
5.624849532142374,128.66059415040044,25.058080980356845,4.139166207989829
8.424952166962491,287.15779740297194,34.46268937934392,6.486818889346045
5.089532802139802,235.53030362116874,36.726104965373366,4.67539483167576
6.083936934958865,275.98253895264224,27.291848501496197,5.371562513351109
7.701918076446859,150.40426232345902,36.30999803838495,4.896504514058165
5.379256693927621,321.0621234832546,25.786922622461876,5.581593195984204
6.732520201367241,358.83912326296854,28.57586575418825,6.864970669340232
8.17418225248047,165.0219400272327,24.068521960687995,5.390038964805548
8.697123741945852,128.71436665604853,31.52856875916519,5.408968859830231
3.8824408855742276,107.09157581390092,37.62166007314656,1.9918556720504879
8.559525750968966,292.59145013297984,30.862875728780814,7.026746395521463
5.952697758477229,282.12821082663424,26.44065351404388,6.430755367690438
4.54946632979375,264.009223814221,31.66071402782951,5.041478843063744
5.754814537429568,169.58412883479264,22.212572212376976,4.429083074548856
8.880195451712861,217.2717987716544,35.99586344477717,5.5854596060833215
5.955708563957217,278.3429005558519,29.055511114037053,5.21111176201926
4.9725096617250495,249.0300576577508,28.08829535671356,5.445376150887554
6.800405125900355,396.3356560644662,30.545566192163346,7.547025900643402
4.440873712669158,140.93192576701995,31.246109530209246,4.041480498859345
3.4551799686519837,308.54336621427814,21.291964512077236,3.8402297846918816
3.7732783314638954,221.29563043128763,32.28710998202124,3.5561101441625267
3.768275033746635,228.45988447768443,24.354770245679532,2.9844713049553975
3.911416161073766,315.2793296974529,32.851147385118615,4.427151085969115
3.832963035896461,307.7308453973109,34.80562629891554,4.811512597319509
6.845248468819287,397.37679811065647,34.47125313594537,6.516019212307572
4.0912805063948685,138.51828683623756,29.945017413342004,3.556561277826021
5.074003699943179,131.2328948152499,29.36305806159352,3.6177734389658314
8.380730459436071,317.30164513862235,22.57176730410941,6.982586925625981
5.843769841577235,273.51607510192275,33.95623070725644,4.487576906174367
7.0053464311261635,182.24819996794176,24.88536884804086,5.056296824863536
4.033919227209779,123.82581069669598,28.940517610723038,1.665597974049184
4.153734112852025,125.69747487892916,25.1169336726953,2.9520870934038412
3.245211697598873,368.25726239923546,22.408910533994476,3.9308329043336685
4.013610378432987,157.56019741562287,31.332038544051258,3.8522005672410042
4.671542034191752,197.01146863465624,20.977976626812268,3.992387042505921
4.062062905660481,167.9969206680964,33.4756142142716,3.3967747290670847
3.532215202542334,206.4988917495812,25.7165623147001,4.363255863816679
3.723815226603605,120.82715282382802,20.002424474080737,1.7959633285357373
5.764672608196355,255.71793727248112,29.200324506270135,6.1931648251537545
4.238002310434755,120.28376907766447,20.843334353496857,3.0722680634739
5.185619166288452,340.10695234670845,24.97105204077619,5.572706667079457
6.020503625129141,170.11362457312993,32.72557677420289,4.806640454467053
7.142368971776191,262.0035743813532,21.128413189193587,4.95091479241517
3.2358728390465936,364.0237262684375,35.10809286240804,4.13510731520303
7.796462393454256,295.2632107141583,20.068758607854495,5.753444303034309
6.767402336945446,259.88733596540055,24.44282964563424,5.362368638658145
3.4905541916932314,197.30012593461268,33.33627301073729,2.6563722327388875
8.241471744640663,199.90057391745938,25.692862695127523,6.500569414555341
8.525234403190879,300.84608655945704,21.834062985188243,6.5250571655239185
3.3664677591291827,398.24180836635026,26.4842105384077,5.690325501247304
4.661265888883222,298.5517569548136,24.86707915492146,4.717682746275053
7.837207678758368,267.33502521100746,35.168814238889986,4.964771017326001
7.48955814230195,319.1951530717738,25.640262516532577,6.835785532717683
4.107126116138264,239.56168368511544,34.20078449196813,2.872973958013585
4.256095940020262,118.04270278023557,36.05369860659323,2.468788114110429
5.222832616748292,268.689044763373,27.808713552377533,4.595020591829224
5.907137911146128,387.28758535161404,36.37897658937906,6.982185149766703
6.709528629181776,152.5908827072979,26.791724971337473,5.215526999884975
5.213481837418635,307.0014672461997,37.35341149682195,4.79429133712486
5.775208296798887,160.28010659771695,21.60721144146031,4.482979697349979
7.48482562880254,260.7483053419244,32.36634679705837,5.490103199381809
3.2200992173435874,129.00293489401588,28.888652728224717,3.0829533741245276
4.514621666064125,235.11128087745556,26.977678498201648,4.606096708486139
7.280097515307315,326.8489986685738,31.388813817474816,6.7016674032587495
8.371241026123196,204.27145727169463,32.66942764941796,6.397569070890132
6.070064652693997,299.4735173461654,20.078538853705563,5.603867436569111
6.192680911591894,338.63498823691873,23.005155597449576,6.127567729322604
3.6430320680386563,378.1533458438358,32.83482891141774,4.292122883201763
5.684474200940728,170.39262455663606,31.994937444407718,3.666646453956221
6.195703598730139,219.79477474279244,37.38885509231619,4.295559570763512
4.454823021808378,145.72480399912524,33.69868022451409,3.161477715582358
4.615459385696286,397.7450506475126,37.11390873916409,4.808687463069899
5.263704978627736,378.1002903772886,32.64572902762653,7.154120828113313
3.120427186666358,261.9871390841679,25.364939755509976,4.674775987352642
4.93247499349907,352.60998831292636,21.896568600515415,5.683053400126582
4.268688041979268,256.28739318161263,34.07282954020884,4.125953429426748
4.964984113067488,287.0757064008279,31.594685986566486,4.887676036934799
3.7185727909155073,126.73732963480498,20.867348223079333,1.937435284102619
8.34316368443937,326.58112614904235,26.48090838621761,7.324224201591301
6.561554721324292,138.31404509057046,37.222396678717146,3.8705544137675116
7.074613914866937,347.8202890757585,29.00722062278362,6.29390749817188
7.7350274316440295,334.60842630111574,27.789124448354684,7.35959863229109
5.990653193574344,312.62340932289294,28.238592892867292,6.020071876316997
3.521521728524542,110.84811415742864,23.759889032092946,1.4913271301071565
6.2226392509112864,190.9385067835986,26.636729075566315,4.454185095458509
6.521046708125275,178.93377097325288,26.656638607769178,4.708722157861262
7.4726368451059795,208.04092224145575,20.942390363374503,6.054810509975093
5.589957277378076,126.29282402915156,33.816217313322525,3.75456170991518
3.7654818167733826,381.08734690931885,27.49707977426982,4.975581570356917
4.702655434792347,266.1406722137129,34.79923796269562,4.575828787972559
5.178493778391811,191.65729319740706,35.30626402015812,3.001541424684982
6.875503447989607,219.094455122285,23.815892984575846,5.751631100618775
6.424669828013471,234.16076215145068,31.832362679062314,4.935143941706071
5.1365803553870775,280.17830000818515,28.50107247493367,5.273147835912439
8.919091492757879,254.70382830894934,35.84282128258673,6.885200224980855
6.634648916141323,375.81759196432523,23.883332225176176,6.020251815939406
4.423360750415966,249.08904487174908,32.200637605580795,3.583947970810899
3.6106948357224224,397.6474044469938,30.939538200549006,5.196067979103246
3.9171548351059924,355.42748732352874,25.31542659629299,5.763584375927241
4.475746370307049,162.55315430720074,22.458816265721108,2.5496133170592215
3.9640882395573342,379.1785643931749,31.72951568859098,3.984800395796034
4.119402144307834,134.90991936564282,33.294754246381956,2.653745411967651
4.710571012163083,345.23491254735745,25.6812921877403,5.851634250284606
4.040241571768529,214.186988042974,31.60698687240165,4.401422853943254
8.380592547758551,363.39229613352086,27.112356337007057,7.503874187872491
3.4814024739698533,360.4170070322351,32.83772389908712,4.655385613840564
6.147068337421528,341.7776200352863,23.585874948092957,6.626848231000797
5.462380961937969,337.0091308921184,36.02387004745114,4.364023935297343
8.894271701451638,191.40374172941222,25.173372736380436,5.88425015406648
3.672233413008314,124.27578491537565,26.620147779610754,3.036101278581518
5.38713359427445,220.89405362954844,21.045655137446296,4.431682207819855
8.816822599652212,152.0573544959526,22.007219821782975,5.074803480368489
8.193042755363882,308.4853266707385,29.285514248821904,7.070043725360056
7.90243242569568,203.82991796133567,24.816668181103488,4.427018533865051
4.547416962269639,392.6830602579745,35.0386440633595,5.16755047121169
4.025325524340395,292.2916232035996,20.26448099578917,4.3887814500623445
7.011859319546586,346.7441690903083,26.823692876094853,6.364593621158521
8.576255934765515,139.75740182255453,26.07221984184367,5.522416080587468
6.3405773580835785,358.60434468178676,20.347897356516818,6.214558111912688
6.429676136819399,376.8271571540183,22.238631182009183,6.235698157721918
4.6798745619617055,246.11857564568078,27.445568148535436,4.8309117377894895
7.616957599151622,281.8758813252932,28.87156252005404,6.058715078181033
4.12226249134514,329.44294027089865,27.277215450587644,5.179976553592298
4.942075418425462,152.45158817812376,29.55687821141769,4.1449738546468105
5.5526186316985005,250.76982293903274,30.71237014830227,5.0912570108935675
6.04566227210673,219.59890833169393,20.17862878030104,4.143417462618441
4.454458394490482,143.91219764867475,28.353712870163072,3.743088088861078
3.689020948435221,210.26032668745944,37.34298633597659,3.3701200028128553
6.663720254649796,120.45169281564807,29.34258104233188,3.377148311959451
4.731783319441535,107.7435720848461,32.195760814261156,3.6032883316210618
6.487429328535674,140.54988674644682,25.613549442503896,4.242441106642159
3.9261762916452136,388.93453347675216,33.93184480674972,5.471993966535272
5.886840611128905,264.8588607685051,33.91258667377007,5.599373707695111
6.195536595309515,389.746648345966,29.3833288577745,6.1710650467217345
3.3109412209345614,229.7493634990396,37.56824881902584,2.64141886234132
5.019625669163523,193.5448399255779,22.25990386572776,3.7269772724724644
3.8064880616338455,251.84255885207324,20.30505796801246,3.2602986555766864
3.3802498228366065,231.85350658987304,33.86284781162773,4.289843484072664
8.939761394339671,131.69940527852316,34.528799672567885,4.705608735784882
4.934123069848338,292.24789440706184,22.16373012417037,4.5281401016683915
7.859246675127809,164.81145475287988,24.780490993254908,5.357981500219683
4.527843928582583,285.87638646934886,20.31594254059932,3.7532053200066673
7.089016333343576,295.06032771944604,25.279554994050166,6.025226587393133
7.561367159338119,145.60745593859443,33.91655373053609,4.803829396626483
6.573832443647065,118.40488813320044,29.32328949882642,4.172205951081639
5.82945713130095,334.2284758205319,26.265720677029186,6.036891962108738
5.471045484883611,237.94012713079604,26.691307308313945,4.719388688356975
5.093209599257972,117.44913865164274,20.024365262878426,2.1662975578428725
8.577174865486956,398.45989515093015,25.396409496174247,8.173623939539823
7.983716446726374,117.33416829890999,31.636257349482747,5.679040707227633
8.790161463999075,308.51056865756595,37.535499988694426,6.535837235097474
3.7457833409132686,395.10367757902407,35.24709488571019,5.21185101629963
7.385204851221865,171.75403126477767,20.424709363619524,4.998975052179092
8.630042740926227,142.67481060615884,36.174090884147105,4.289695139836642
4.087398396993961,136.41548182672867,34.097571439375265,3.6493542018915432
3.398977604200665,190.98254427027865,34.04677022427765,3.105801620586755
7.446723895740354,130.313743303194,28.243923662064287,5.818035464240243
6.446838679079471,307.64840250823954,27.16409527318105,5.849796394178242
8.050972660549633,118.6875394390188,25.452483118997467,5.866640997843664
3.838634259757737,252.82663844493692,21.182507461178584,4.153412007463488
7.771603871159341,399.00905615589306,24.108236542886583,7.763236194353439
4.209763920286467,344.1910808518056,24.438865429604444,5.307691538798308
3.981935657194227,284.56583146930325,28.713387254783626,4.641023108774559
3.9855947875859576,191.8760862359835,33.45399931874049,3.966424153515701
7.887448321388293,287.16875088749157,28.52857691116304,6.8327339133767815
6.991183324177201,258.1124391734955,21.04120009004889,4.397301211034868
6.138392548614716,227.82501516711145,37.24021641778767,3.8648315533462037
5.152982904741015,139.21311302205984,36.96903774369402,2.9787959321253306
8.26320324487865,365.98126457214,34.13341177667135,7.333072582076367
5.354670644535812,234.93539464639676,37.84390222815597,4.014004801466329
7.899596636829463,158.38675354622953,29.800681990404733,5.9630830497333855
5.634809451421311,210.3278052631869,37.32983030455771,3.0121488158674405
5.2616665765494455,224.2389257586781,21.360890731101513,4.281105587224235
5.776078714017639,348.2613686700623,26.582253468704685,5.319888777886333
4.808267244984853,320.08431416842063,24.056862824121787,5.590519194330896
7.485656281057507,330.79146809240194,23.52499551441686,6.556013015673458
6.016322340554875,103.30937932859416,22.534453080068168,3.704505257582255
4.393276170880904,224.84619945392845,31.20344554818794,3.6928140448660596
8.397447439647411,244.4032454905971,34.06379340345149,6.676109300213403
5.303347328239268,105.75768304691701,30.409371189566492,3.9891757076615812
6.261317166683932,177.94396262351026,22.645328772587774,4.66640323834179
8.438832665787281,328.0869469366405,34.60022785880248,6.775504392948077
6.745427975483953,141.13291171869972,31.447184728947114,4.729253274681828
3.701388244250184,260.5930394357775,26.98698271028592,4.001876503517784
8.638992741680852,164.56056160517124,32.134345319649135,5.979445284437581
6.766248318428508,103.63623239316799,24.67828962637099,4.912055892944993
5.009433687942517,172.36043727986242,26.213459752895787,4.5849724720490554
3.8356324359803233,392.7621264730161,36.514745176375826,4.629161730179036
7.764151135621776,340.46113356489684,25.229081102085566,7.190303672304965
6.720436535571081,387.87299329631,28.45978882684286,6.546398546185031
6.200766551857929,246.35621317790873,36.02254047312826,5.0478865159830635
8.363355498305745,132.92085960325105,32.738984304815496,5.262289621135103
7.731583267347185,264.3878466921079,21.11965807096465,4.886727737925055
3.910049278396507,236.31320036798826,22.651454797021465,3.2024102006241013
4.870332406773289,353.3071248218848,20.141148633894502,5.04078286662306
4.490934838886794,129.4247742352734,31.35659222412494,3.0536260658132233
7.463677755436062,246.47234110653346,28.05812165738753,5.586011655335209
3.201194608414676,145.0145994081953,22.41694731624096,2.6869273945894787
6.419338109227899,197.402778067018,37.24281417902186,4.3851522218521986
7.574752114444143,321.20712321633994,29.533875031021157,6.748925220294096
8.260593820570497,242.80543881062997,24.354079294032005,5.815863477715567
5.052490492295445,212.7664855437308,29.010864280784737,5.077177236714838
7.927543828032077,218.3428835710106,32.23316598923194,6.551587707347097
3.6637904217312434,237.834030521796,21.37230592352416,3.3056853665127295
8.07871375040711,335.50496315111707,24.944668670862058,6.782789915223521
3.7649319739918945,367.6254066820703,34.52537883591189,5.15178600293146
5.383723743362204,386.60040595117846,28.273967667247902,6.351454474594603
7.783772194677322,336.0710158765885,29.838388556581307,6.999058800114798
3.8995045640926427,194.62206872440382,27.790688039770448,4.24486834912974
4.375508371395849,306.44041182596266,20.790198967574092,3.5765001569613135
7.333515410358398,231.2809372166176,22.98349603676281,6.137067843447991
7.320219219276446,176.40118661381536,28.019749497354034,5.458486788205643
6.846885797311784,352.2614738277768,23.7653383773427,6.31684490238684
7.1636906668026,111.5279046886975,20.899622515874217,3.942469554764972
6.256346660085577,370.5285976406271,35.18569395293282,6.096104588666036
4.5107943534417165,238.44323938742025,37.66146552495408,2.8080823663771897
5.074175961023517,291.16044304248413,34.27657173194131,5.568504351469087
4.089586300808554,297.8061766617348,35.36812859068401,4.306704874088534
8.45070336800177,368.53532221196093,24.355588345706817,7.767764805914864
6.500350768596723,291.00090465016217,37.29128555923759,5.706830760163246
5.405108500581839,284.18007542801854,23.54466268016171,4.588240043807126
5.772034821864796,119.99561216820699,37.125736586512986,3.410135823480784
8.683700037670892,255.52240658356124,37.90674729138712,5.772578810082949
3.920108418696481,145.0507002451125,32.811010503428875,3.352845549064725
6.517378992100784,321.23013061644565,37.66058717225279,4.441318374813822
6.035332073306796,253.66657624380235,30.251716032207867,5.279613045750001
6.668725412607887,304.068333762506,24.671752097169627,5.740810925753985
3.1086611029250433,112.50187018071529,27.865925941981175,2.8820733227848696
8.23274345366491,125.43760481374096,30.68409683681815,5.33736018497215
8.592709694901675,314.8970164188047,21.31546811648627,6.423058875876498
6.390799101535253,121.625300799602,31.20217876311043,3.7353477503645824
7.179904943261354,121.37701832957758,37.6612010617213,3.7822698644756585
8.534996287063773,103.63254257046623,23.421937696107097,4.397696225189654
7.243431805880392,386.950419489844,34.266712093190904,7.285540736245609
3.915234257485568,321.25250783770207,36.34217828803315,4.1513207780927655
6.457730161000879,205.97542255061924,36.98662867076398,2.936462329269413
6.640290278297135,188.96067438629657,37.28244087929805,4.094096766770825
5.544784027814316,204.91096892375487,29.386273496986497,4.16360244302407
7.418665413748337,332.3960593543545,37.59154234384707,5.2585011583025345
8.60620208861409,298.4111833211243,33.6315837284199,6.105341185565012
8.553411077440657,155.5586703602404,22.910085852265315,5.378005063465748
5.705036228424793,152.2328006002253,28.58420191642346,4.980746342696418
3.6794282750445317,129.5186949140192,32.92996115669607,2.7984972079253403
8.909047193774008,298.09081591040143,24.4521256847435,6.7773926303574985
8.033388518675604,329.31179866652076,31.53107330387997,7.184657013200364
3.747976087219601,179.5139284975012,31.998808622839146,3.039701311191402
8.525051295704234,106.28348830927385,22.928595388554186,4.470919885218702
8.21937817237277,124.65150024292821,30.171535624149612,4.561869192084213
6.113028342756433,390.35801045350917,33.88928439761494,5.495251432775954
6.547652614469575,188.63343324322608,28.980121961646955,4.86718659022263
5.394016223220781,330.7669443514401,20.217856101969932,5.3054899102818505
3.328569832932188,287.39907065627915,20.16269244342726,3.706233032364167
5.011183449875405,214.58189189586875,26.42652819146022,4.2860799990687335
7.817120691588069,161.70617865866654,36.671493231772075,4.185599778855101
3.027792138027617,136.41592544782193,24.11618203286496,2.793796622621008
5.000995030146865,284.50389041166,31.41854639969037,4.345115819247703
5.38901216154566,332.3901341913364,23.99736567247977,6.006157946855907
6.2243736176275375,293.1712760623392,25.790059813871874,5.321797041360985
8.519133698476562,259.0906399747475,35.26475761282671,5.747779869026567
5.078075966195767,112.58536702949088,33.119505960859044,2.4195484619990495
5.081719211377366,390.54663327831514,21.717186991637792,5.567343564192795
7.4250074886584905,339.6142574963724,27.716636377755805,7.5679661863075385
5.713307645338843,187.84661101028942,20.52505574561476,4.245439551555769
4.347628937639891,393.9910988076552,28.65602263885416,6.5373342490251
5.71463709679616,280.56447689089663,31.923812210619225,5.531653369212091
3.845142122278799,274.726797462174,22.133047224766727,3.531308843972627
4.05832191903734,324.4219538288596,25.19992890036498,4.827978775679986
5.990206636436879,343.5309364270413,27.161059259038826,5.9564190438340034
5.513552697027287,296.9435821994508,36.551558443808894,5.536343778146782
8.4890754064086,138.42872390986003,37.878590277613355,4.042571591328409
5.174363394699799,201.4802517983495,20.808403381921085,4.329673398220058
6.4835301016682605,378.4250920978149,33.69814262291706,6.902678644574959
6.793585727517183,167.38468355315558,26.691033195242177,5.854553119672409
3.078566739530002,211.650107151254,27.064247352130643,3.3573658801758564
6.9812242321002635,229.6230648832588,33.57676952024641,5.58532689264816
4.068215801218509,231.82149690833566,36.531675778617355,4.639981210100297
8.766421904816731,283.88187474835763,37.11671470104587,6.001537391320506
3.8919763665186777,382.9227513234123,30.388206548689773,4.768874917858305
5.487744742362143,172.2078135497515,26.42818086740905,3.36876357646561
3.512098008471863,136.4504128902754,34.17588354545803,2.8593207930235485
8.981245511075684,159.2411469579812,24.518024898721404,4.793261610960502
6.013170061987456,366.07747006278083,30.15333251900332,6.265866953252242
6.5723101039202625,293.74324379656184,26.45441230744772,6.287685314190002
3.4024588643305647,185.77203677174805,31.81935932674177,3.269601635623543
7.499762822395066,344.78408169058514,24.327180432083125,7.043162703403783
4.259433558573514,358.4109989090308,23.448673023226863,5.369838998600178
8.388325736644283,353.9543016070834,36.528303560157866,7.520308435033885
4.2308378428920435,375.67796009186634,21.832466293091663,4.779286961304454
4.144126323981999,175.67230605200848,29.10724233922877,3.3795644193589416
3.219298007088569,326.5125786238835,23.97535009333416,4.085980076481124
5.832401670659996,238.161849182242,20.700739339862015,4.982989167069924
6.3890467995756985,352.59956586701844,20.648338729245676,6.435552225580134
3.394251836570114,318.54720314848396,23.15399189790489,4.623609799219641
7.653165700170064,332.93423394991737,35.601866381108,6.98748538491837
5.7197330084881655,296.84855130432146,25.08461739158648,4.9477933227577555
6.14634161596548,153.22863084091205,37.10826507035532,4.528242665131897
5.644576481629369,263.5080756690815,30.46920127380548,5.97206818098108
5.404578365251956,395.40092185735244,27.85905541583779,7.010014941406156
6.357841987849307,381.2164199491357,30.441599024050184,7.6378247453965225
3.931441475584275,112.9521207391035,29.30057093407282,2.136873247937004
4.091568782971627,149.44444471883114,33.65797256763185,2.7122075137796138
8.170713726081104,139.51863203636856,25.084929187511342,4.821384371814395
8.676692772801797,317.79397299558866,26.354907048805444,7.7125164831160005
5.239855897678518,345.33559895708356,36.09369744559851,4.738843824049171
4.624468038861322,164.05340989320158,37.0362172367073,3.4278939693606896
6.863997259434095,251.7558078855487,36.06604809475654,5.828219971095238
5.452405026588578,352.21090840336,27.550063891231645,6.550919436493054
3.152318133962069,319.8404634298752,34.04657905412387,4.311781307698151
3.936915584197142,262.6711616475545,28.574043199419776,4.043828418181764
7.295833373084385,277.10430713763185,28.95571733862984,5.899962540992845
6.953543651460908,252.50816407488398,23.684241963031113,6.195087115430738
3.162575955020901,189.2645353956462,30.640345458653297,3.599573287554249
4.331832971597697,269.50659785770483,23.350446159560263,4.376517320643152
4.386448779528428,306.6655906150272,25.968164583209486,4.84774198135249
7.03135646159237,361.9968747582423,35.390543629158834,5.383688678907036
3.118263226526185,290.8874061937744,23.727364565795394,3.5053159224381565
3.624651491907443,328.3364611129474,21.28084913312179,5.379484813965237
7.799496512239136,148.0214904863719,21.242136667030692,4.063949042185123
4.071267972326002,238.46724232593698,36.934121369055944,3.6216341831273167
6.916476647111248,102.799485948128,29.124567883313023,4.877498381303202
4.429096686280359,174.0036593564869,27.36941729270633,3.264065331974536
3.596648356556071,317.9385145339014,34.59581445814253,4.410483115193338
4.459033145996725,397.54298540480903,35.044866702389285,5.969417525562852
7.333601591133955,129.75342987616477,25.979438596080882,4.7685286148903385
8.134178808637714,220.44829475838648,32.485125034528316,7.257261376283274
7.981319187401949,340.02129060974784,33.88021068533396,5.96855180182596
5.383101177710729,161.21069038866966,31.78371236358718,4.4546505213252825
7.008510819423877,266.5254847906859,22.728711346401788,5.555980523560745
4.229905772494925,319.9213888089024,35.76589550330703,4.923537301424121
4.75888638156608,284.7956350780537,29.703701949248156,5.277682922488383
8.37801491112672,156.40742038462486,25.084503674660066,5.094953928320616
3.0780115410644164,206.6153706057218,27.65410733787849,3.6850684066069452
3.5130511851268085,335.1375353456192,20.67627962718033,3.4465781830384854
4.247317530876164,266.267954239605,22.301602422003516,4.51812230032018
3.1591932232429185,101.56888406287382,33.7798415092855,2.166380534316911
4.088612610538783,328.2972280084282,20.00020942559659,4.846629612234884
6.498249365818153,110.59340648207171,27.49818491268126,4.833936401541496
5.528547303554988,323.7201348193696,29.405183259540593,6.044766594121986
8.356030266461849,160.74416804957121,20.983419560017502,5.157843479627525
7.904661370430645,387.42204403581405,37.51540693350199,6.434476263892618
5.050904110187256,210.38222539062534,24.070255962494095,3.880189523424765
4.556540600587755,198.0794849014237,25.475576953453057,4.599990154742085
5.278154449003601,144.6664150997334,25.470965220590493,4.551005600411173
6.541769655088847,191.68126464706447,24.1474999181123,4.683392247670271
4.6083818449372576,362.99522854846015,20.026528797553606,5.159797461335228
6.744893447094804,398.9003012881742,33.128206293583936,6.396321919573867
5.456469913147442,210.4928591520545,37.40321899638714,4.479220071089275
6.312283085111881,234.58318928636277,24.037282699130813,5.438410117178539
5.6167591748119,316.62128146082114,31.934849452461606,6.551716174999876
4.766794557251506,365.85873413952237,33.35413388525687,5.067409692905421
8.690719841772939,277.91330025603526,35.27165682362944,6.20832329157477
7.581634764958565,217.4577094533488,27.607325546244965,6.041849992900054
3.8406790545987155,223.78655225458712,25.452756301527728,4.226725448860887
8.210807855387477,308.68544394904205,25.85531241241456,6.869955789651799
5.924587189497082,100.9654790812836,32.82718399577323,3.052749440757203
8.367313361364548,285.87680123795224,34.70203039710145,6.812925417813437
7.799131535683891,206.64790313240724,23.269051419618847,5.853517622400694
5.551281026815401,338.2591993831253,26.676938146839774,5.567789271641068
3.134815849920704,127.89719194693964,36.234923541484704,2.700608890834026
4.6120641563096765,276.46068008451715,34.5204833545053,5.0036898981477815
6.249805287965201,244.29186696583713,37.72745124972457,4.662224437292411
6.800869318956884,292.69765777156823,33.57646867427745,5.809563300954397
4.5473261125992135,119.4560783448905,27.0775136185026,3.6530040871567255
3.836136444436945,273.9951362284394,30.63148101190348,3.964019948184389
8.009581420795794,268.4453763878571,31.898256576451764,6.314434556213332
8.906413084221313,268.1980283248513,21.41220469370823,5.400215522425402
6.154141093816115,281.0462999789364,29.800945263869572,6.145666843061932
4.030075715089821,302.94038116790864,32.76777491250697,3.7869175667523702
4.633843959116214,341.4966999042309,23.011783472019086,5.984777240016824
3.1103440592848006,180.94621603846429,34.05137091366003,2.5944370516778146
8.485792839362993,347.5148230540186,30.507910049254008,7.361420154330694
3.706506497340847,249.4767046790361,37.13999214255671,3.1201541281628615
6.459098853085521,123.11748374029935,20.76360136772405,3.593064963757121
4.644331324123236,117.56527877319377,24.775870475998406,3.8846711699674144
6.325068015094761,200.27149560881824,30.827969827396835,3.638547652628339
6.908522330111185,335.46909313344025,25.338078419706754,7.181242631404764
7.97845082224321,312.3042804222747,32.85963495328236,6.79531646056697
4.2385276305636195,336.58448940172195,33.66209508539476,4.315388376830945
3.065974971950883,255.18071693248282,21.84528735319654,2.9316671940953047
3.8213137804128436,232.05969938664717,29.24938035572182,4.944512362104813
8.400111851088631,144.2357580118852,29.160030000639004,5.053657065627902
8.243340465375091,198.45782608279347,26.64705386387974,5.394278624605474
6.58447861302185,230.2058098521626,36.7926475262541,5.283689923589505
6.60310116260192,126.58012890388517,34.89511375771798,4.047116932710971
6.990220047277533,166.18358581336338,32.54976887437346,4.233006206066855
4.052227671740697,279.46758821912164,32.857879443229955,4.44331426144088
8.486471675549758,320.6989342717569,28.31089058863614,6.906259779808695
5.5126231493524385,399.5042534178849,36.577901379738364,6.443974670092534
5.298831169496985,379.9339994030673,32.50271769055914,6.529169292159818
6.113506231697025,292.7695598605575,33.121659109804696,5.73828590288459
3.2817958006503303,226.37441598822159,35.510436268172214,3.334428964013668
3.9977002125364764,290.8532094124698,24.933288608159437,5.481305123642567
7.428201698558222,335.6954854240696,34.527276269600655,6.418171240253854
3.496792007550759,135.5008572770162,23.514330853216855,2.063900599156826
6.618912656798329,222.97146690888647,26.21615514040798,5.585523467944981
4.472094658087926,351.9406856906852,26.04098817685717,6.6025765284050895
5.335773684251859,215.1498855799132,37.61345843100453,3.350660108231683
4.732162420624199,271.561681368156,35.417670027462684,4.159199637900398
5.134036298789695,276.33080825865943,32.62105750862467,5.076443500169701
7.314275431105473,155.3428759400918,33.08702170907702,4.6749118795430835
4.78273029373905,208.6706324956865,30.117310299246277,3.775188651713105
6.398427841781383,200.35338662257965,37.04763200795334,4.85891351443639
5.856302413194598,107.85901255961944,28.932657551882507,5.073495938013873
6.982026992175889,107.25752916740657,26.8493187776581,4.546586395039775
8.620978435948548,349.50911310273204,22.93463606476864,6.847009810610458
7.395432583261502,181.9212429918437,34.151701740699046,4.1272782849525464
4.28964227154454,255.42362987164464,33.21999077736065,4.306046347363242
3.187098810367708,189.61767207663192,26.91839069343443,3.933503866951745
4.57358426579895,382.20377353460213,20.45348145126613,5.591761886619801
6.570467584201529,177.78902765973214,35.10195189892419,4.35172695834624
3.3085548809055023,228.8970438216805,20.205523702173327,2.869164422992236
5.978197483207418,361.81907514538057,32.66659603332292,5.5945480733661785
6.581057093501335,352.58007003754255,37.46462797506903,6.287242112781632
5.005463344901765,155.8304253538832,27.87790390666766,4.505712127349272
7.625473222474931,340.79299293871316,24.22952128992715,6.070753776271945
3.639589518802631,237.4560660213678,32.68767818078087,4.520507090627248
3.4508266904148526,244.89066162560655,34.70830655628053,3.7905249162824397
7.3691325372216205,140.04399172478313,29.83574568940125,5.6012289394914125
5.972947897237191,124.1804541271374,37.40663495461063,2.616551120186349
7.1304143785664165,318.38179209212956,20.9300369898433,5.359116731481114
5.608964031622477,248.93834570658993,29.086320769481507,5.110748741045339
4.478412199434641,231.05521078455388,32.9321710518059,4.3079333158298665
7.914613906045198,318.852468595719,35.52752848068522,7.291259202374749
7.796495273813876,329.65386969733294,23.226601014340222,7.070485892221855
7.16817882512656,147.67245030080608,34.40006267174627,4.299467009990697
4.632870823379776,283.06754484329235,29.948727362933816,4.439053519996484
6.541384001214523,140.60622468330564,27.137966275819338,5.205551161381827
5.165843381640161,325.41252580871367,22.370870514423686,4.791781287474228
3.549492439959805,297.0865468801419,35.575323660360425,4.8023136001314395
8.503881452773456,386.9843863250374,22.830917747234878,7.462684039557335
3.8209117855137684,120.68740490692636,25.57618146576379,3.6702391247114514
8.701424122924815,117.1164163453763,25.220819575323866,5.583423827478196
5.676034637747734,184.65612240796003,35.68545261543538,3.8475355366887003
